{"bricks":[{"x":-101,"y":66,"w":49,"h":529},{"x":-11,"y":446,"w":66,"h":32},{"x":226,"y":574,"w":153,"h":28},{"x":460,"y":503,"w":111,"h":18},{"x":698,"y":432,"w":127,"h":44},{"x":959,"y":411,"w":123,"h":26},{"x":1164,"y":417,"w":139,"h":17},{"x":1377,"y":397,"w":106,"h":27},{"x":1582,"y":372,"w":138,"h":26},{"x":1887,"y":326,"w":121,"h":65},{"x":2115,"y":290,"w":160,"h":59},{"x":2878,"y":128,"w":48,"h":465},{"x":2382,"y":251,"w":85,"h":38},{"x":2556,"y":204,"w":71,"h":30},{"x":2657,"y":143,"w":59,"h":40}]}